signature,signer,blockTime
3tpGcEeWhWQJz7aeBZpYcNsjGPvjnrsykrRZvzmYhgc2GZ1PCYaZ5pracPfutGNLQ1oJw6QfXEroEcJXbhqUaPK2,YpnnUu1ZPHpAzy4xggEd5pBTbu1aDayXuARsYsavNs9,2025-08-06T10:44:58Z
3FzQKJRkgXQywyURcKH67o3BBbZ4pw21auNCYd8VxeLRfHf7yeB7dV3F47torp3kxhBjWecgJbsa4zen6xvLW9Se,ZG98FUCjb8mJ824Gbs6RsgVmr1FhXb2oNiJHa2dwmPd,2025-08-06T10:44:58Z
5GQZAHDhnaSysZ4AL7kToMkaA3zS3Zxi82bdDBRLFyNzTWWrMXEKKKrYGPdjLwvFiSHE5jBMBLY72TmPp2YnPa5c,7rtiKSUDLBm59b1SBmD9oajcP8xE64vAGSMbAN5CXy1q,2025-08-06T10:44:59Z
xrq6mjvXbAmctZ8kPtRwTJa1N4rGxMKdxV3jvSY1uRD9UHXwiDoLckNUhnySyjcdcVr5KSRchkPHsVzQnghLAmx,7rtiKSUDLBm59b1SBmD9oajcP8xE64vAGSMbAN5CXy1q,2025-08-06T10:44:59Z
xrq6mjvXbAmctZ8kPtRwTJa1N4rGxMKdxV3jvSY1uRD9UHXwiDoLckNUhnySyjcdcVr5KSRchkPHsVzQnghLAmx,7rtiKSUDLBm59b1SBmD9oajcP8xE64vAGSMbAN5CXy1q,2025-08-06T10:44:59Z
5CEA7CuVuPvST6k9LLrwN4vBJAee46U7GHPEQsV8FW9GSogR1MRvsowuvBZgofGTsiEuroq59L252WMcAY9GuNWq,Cpva5FVhsAii2jNCrSagGnYmNiKV7up6hmLL9tmgj6w4,2025-08-06T10:45:00Z
5CEA7CuVuPvST6k9LLrwN4vBJAee46U7GHPEQsV8FW9GSogR1MRvsowuvBZgofGTsiEuroq59L252WMcAY9GuNWq,Cpva5FVhsAii2jNCrSagGnYmNiKV7up6hmLL9tmgj6w4,2025-08-06T10:45:00Z
2qH1cywn6jEmKph1BaWVyvF8fQSqQaDtD1WiUmAAMmYej59t69BpUdqXHHJhjrfQ3stZnUZXusvmywyFe9oDNjfy,JD25qVdtd65FoiXNmR89JjmoJdYk9sjYQeSTZAALFiMy,2025-08-06T10:45:00Z
2qH1cywn6jEmKph1BaWVyvF8fQSqQaDtD1WiUmAAMmYej59t69BpUdqXHHJhjrfQ3stZnUZXusvmywyFe9oDNjfy,JD25qVdtd65FoiXNmR89JjmoJdYk9sjYQeSTZAALFiMy,2025-08-06T10:45:00Z
23okGWcDkJ72TdBiounS94VSqL4GswE43i33CvkHJr4AzrCAtu86q6GMdYdrzzNJJE7zhAp3VPhhYah3QWCUb4um,JD25qVdtd65FoiXNmR89JjmoJdYk9sjYQeSTZAALFiMy,2025-08-06T10:45:00Z
2qH1cywn6jEmKph1BaWVyvF8fQSqQaDtD1WiUmAAMmYej59t69BpUdqXHHJhjrfQ3stZnUZXusvmywyFe9oDNjfy,JD25qVdtd65FoiXNmR89JjmoJdYk9sjYQeSTZAALFiMy,2025-08-06T10:45:00Z
23okGWcDkJ72TdBiounS94VSqL4GswE43i33CvkHJr4AzrCAtu86q6GMdYdrzzNJJE7zhAp3VPhhYah3QWCUb4um,JD25qVdtd65FoiXNmR89JjmoJdYk9sjYQeSTZAALFiMy,2025-08-06T10:45:00Z
pF6xm18bsrhUBYWCZLSq4LLXqVs9Szm4c4t6G8oWKg64grcfSTHnbWPTZiqretiEhebUwMxtV4nJXZxLT5kKPqP,JD25qVdtd65FoiXNmR89JjmoJdYk9sjYQeSTZAALFiMy,2025-08-06T10:45:00Z
pF6xm18bsrhUBYWCZLSq4LLXqVs9Szm4c4t6G8oWKg64grcfSTHnbWPTZiqretiEhebUwMxtV4nJXZxLT5kKPqP,JD25qVdtd65FoiXNmR89JjmoJdYk9sjYQeSTZAALFiMy,2025-08-06T10:45:00Z
Dfe6oaiA6TFpfNtjYsnR8K8oHsnK2zRpP59YB6ZZTFvoxD3wg5WmmKsm5apuAnMYmAb5eJZY76DJEgNVVzHWYGW,JD38n7ynKYcgPpF7k1BhXEeREu1KqptU93fVGy3S624k,2025-08-06T10:45:00Z
Dfe6oaiA6TFpfNtjYsnR8K8oHsnK2zRpP59YB6ZZTFvoxD3wg5WmmKsm5apuAnMYmAb5eJZY76DJEgNVVzHWYGW,JD38n7ynKYcgPpF7k1BhXEeREu1KqptU93fVGy3S624k,2025-08-06T10:45:00Z
pF6xm18bsrhUBYWCZLSq4LLXqVs9Szm4c4t6G8oWKg64grcfSTHnbWPTZiqretiEhebUwMxtV4nJXZxLT5kKPqP,JD25qVdtd65FoiXNmR89JjmoJdYk9sjYQeSTZAALFiMy,2025-08-06T10:45:00Z
Dfe6oaiA6TFpfNtjYsnR8K8oHsnK2zRpP59YB6ZZTFvoxD3wg5WmmKsm5apuAnMYmAb5eJZY76DJEgNVVzHWYGW,JD38n7ynKYcgPpF7k1BhXEeREu1KqptU93fVGy3S624k,2025-08-06T10:45:00Z
vWkU8pAzj3se35tE4NDi8sdjSM6byWo4oon8KtCxdGPgxfT1VAh9apdiSHR7bqTgJ4XnbVN9tYAFDQ17SyeCvFU,JD38n7ynKYcgPpF7k1BhXEeREu1KqptU93fVGy3S624k,2025-08-06T10:45:01Z
vWkU8pAzj3se35tE4NDi8sdjSM6byWo4oon8KtCxdGPgxfT1VAh9apdiSHR7bqTgJ4XnbVN9tYAFDQ17SyeCvFU,JD38n7ynKYcgPpF7k1BhXEeREu1KqptU93fVGy3S624k,2025-08-06T10:45:01Z
25YURbJRuYpQkz4P2av9eBhYxeqFvjHbBx3s5YqnwKwbCfpNpi3RbqeT6KMEaLvhv6R4vscRo8hZqeKW1Jvzo5Qc,JD38n7ynKYcgPpF7k1BhXEeREu1KqptU93fVGy3S624k,2025-08-06T10:45:01Z
2zm9YEq8YE5KRSrvK6p71WcyeowWEhhqwkLWhmP6dsenvY38LL6G6cVLnAxsRJ582K7238Lus6NKaSFJyYMsrHWg,JD25qVdtd65FoiXNmR89JjmoJdYk9sjYQeSTZAALFiMy,2025-08-06T10:45:01Z
2zm9YEq8YE5KRSrvK6p71WcyeowWEhhqwkLWhmP6dsenvY38LL6G6cVLnAxsRJ582K7238Lus6NKaSFJyYMsrHWg,JD25qVdtd65FoiXNmR89JjmoJdYk9sjYQeSTZAALFiMy,2025-08-06T10:45:01Z
2zm9YEq8YE5KRSrvK6p71WcyeowWEhhqwkLWhmP6dsenvY38LL6G6cVLnAxsRJ582K7238Lus6NKaSFJyYMsrHWg,JD25qVdtd65FoiXNmR89JjmoJdYk9sjYQeSTZAALFiMy,2025-08-06T10:45:01Z
vWkU8pAzj3se35tE4NDi8sdjSM6byWo4oon8KtCxdGPgxfT1VAh9apdiSHR7bqTgJ4XnbVN9tYAFDQ17SyeCvFU,JD38n7ynKYcgPpF7k1BhXEeREu1KqptU93fVGy3S624k,2025-08-06T10:45:01Z
25YURbJRuYpQkz4P2av9eBhYxeqFvjHbBx3s5YqnwKwbCfpNpi3RbqeT6KMEaLvhv6R4vscRo8hZqeKW1Jvzo5Qc,JD38n7ynKYcgPpF7k1BhXEeREu1KqptU93fVGy3S624k,2025-08-06T10:45:01Z
64yutuSktmg6uZmWkxfQ69uEqFtWjUTACgwAY26Au4TSnRh1cwpwRPtwK7r4Tejkji2EbXCh2YK74S5evo2fhnQw,JD38n7ynKYcgPpF7k1BhXEeREu1KqptU93fVGy3S624k,2025-08-06T10:45:01Z
4MHCTCLg6PS6myW7TmjDXMvsutzAvM4YWviwLcpSc55N3tfdPgeqoh37VvJEcQ3u4aMVhqpKamne1jr1Q2UBNBTs,JD38n7ynKYcgPpF7k1BhXEeREu1KqptU93fVGy3S624k,2025-08-06T10:45:01Z
4MHCTCLg6PS6myW7TmjDXMvsutzAvM4YWviwLcpSc55N3tfdPgeqoh37VvJEcQ3u4aMVhqpKamne1jr1Q2UBNBTs,JD38n7ynKYcgPpF7k1BhXEeREu1KqptU93fVGy3S624k,2025-08-06T10:45:01Z
4MHCTCLg6PS6myW7TmjDXMvsutzAvM4YWviwLcpSc55N3tfdPgeqoh37VvJEcQ3u4aMVhqpKamne1jr1Q2UBNBTs,JD38n7ynKYcgPpF7k1BhXEeREu1KqptU93fVGy3S624k,2025-08-06T10:45:01Z
3SpBYqi2LdzAYUCsX138wEBnXonsBkPt7uReiQmE2fHWL19GmBx8qwJhvFtR8SbCHb2xeYDiLCXJ7FegTadPyBfX,7dGrdJRYtsNR8UYxZ3TnifXGjGc9eRYLq9sELwYpuuUu,2025-08-06T10:45:01Z
64yutuSktmg6uZmWkxfQ69uEqFtWjUTACgwAY26Au4TSnRh1cwpwRPtwK7r4Tejkji2EbXCh2YK74S5evo2fhnQw,JD38n7ynKYcgPpF7k1BhXEeREu1KqptU93fVGy3S624k,2025-08-06T10:45:01Z
2BBwHVzf1YoKPTqBg67sPhFk9hUhzSJi5LtdkwHtUbrSXByG1pbic7iHNc69Pdcnu45rRPnJrpHBhVDgzL13UDfa,7dGrdJRYtsNR8UYxZ3TnifXGjGc9eRYLq9sELwYpuuUu,2025-08-06T10:45:01Z
2BBwHVzf1YoKPTqBg67sPhFk9hUhzSJi5LtdkwHtUbrSXByG1pbic7iHNc69Pdcnu45rRPnJrpHBhVDgzL13UDfa,7dGrdJRYtsNR8UYxZ3TnifXGjGc9eRYLq9sELwYpuuUu,2025-08-06T10:45:01Z
64yutuSktmg6uZmWkxfQ69uEqFtWjUTACgwAY26Au4TSnRh1cwpwRPtwK7r4Tejkji2EbXCh2YK74S5evo2fhnQw,JD38n7ynKYcgPpF7k1BhXEeREu1KqptU93fVGy3S624k,2025-08-06T10:45:01Z
4MxrkAuF2yu2jBQtGLvrRrjtak6dUjbQjaQGEHUmjYKAT7pm8aJEV7VXqg48dnBqS9y266syEuFCofE3D9J2YHUb,7dGrdJRYtsNR8UYxZ3TnifXGjGc9eRYLq9sELwYpuuUu,2025-08-06T10:45:01Z
3SpBYqi2LdzAYUCsX138wEBnXonsBkPt7uReiQmE2fHWL19GmBx8qwJhvFtR8SbCHb2xeYDiLCXJ7FegTadPyBfX,7dGrdJRYtsNR8UYxZ3TnifXGjGc9eRYLq9sELwYpuuUu,2025-08-06T10:45:01Z
4MxrkAuF2yu2jBQtGLvrRrjtak6dUjbQjaQGEHUmjYKAT7pm8aJEV7VXqg48dnBqS9y266syEuFCofE3D9J2YHUb,7dGrdJRYtsNR8UYxZ3TnifXGjGc9eRYLq9sELwYpuuUu,2025-08-06T10:45:01Z
2HTaPYH1XepEHVV2hafcAs5J8MDyoLCgemjzvLcJnACs3eNGAURsxYR1hDKFL4piMeffCWF4uhvzjpC6v6Nwb9Qg,GCvHhEUYQwTJ8jyf8Lc4bv8jBXyZU4LMMsZCobwEPzvM,2025-08-06T10:45:01Z
A5gxXkwNozg2KZsY5oMDTLPGZQf9LBEvBV3DfXGziyvrqnxvWPafX3Ytqd4ZTdABxyuYjYvL7YmBwgeTXa7Pwsg,JD38n7ynKYcgPpF7k1BhXEeREu1KqptU93fVGy3S624k,2025-08-06T10:45:01Z
A5gxXkwNozg2KZsY5oMDTLPGZQf9LBEvBV3DfXGziyvrqnxvWPafX3Ytqd4ZTdABxyuYjYvL7YmBwgeTXa7Pwsg,JD38n7ynKYcgPpF7k1BhXEeREu1KqptU93fVGy3S624k,2025-08-06T10:45:01Z
A5gxXkwNozg2KZsY5oMDTLPGZQf9LBEvBV3DfXGziyvrqnxvWPafX3Ytqd4ZTdABxyuYjYvL7YmBwgeTXa7Pwsg,JD38n7ynKYcgPpF7k1BhXEeREu1KqptU93fVGy3S624k,2025-08-06T10:45:01Z
4vM7ga9HpJrisi35Yc1YxveKJCUScUKsEDufTCUxqcvT7obDNm51WpKoi4z5fgJdVtvCtGQnizdmKByLE8aiBWz5,7rhxnLV8C77o6d8oz26AgK8x8m5ePsdeRawjqvojbjnQ,2025-08-06T10:45:03Z
5azhWZ2h43qpoppMgsUzqj9CAFDZSxdT5LCjSc9jNZWZ2L6L9qVsvEnS5jK6Bb7hZTrDFXi8pL2taqZHT9oaj23C,FWNFf9ktTnvhVcvzLFuARZ1hszdJB7sC5znVtZon3V7G,2025-08-06T10:45:03Z
3yar5E7z7GQi7NmWA8s9L4nHVnKcW1NxG57XesQLPE3Qqm3ojiD6CHKZqyfp24qCtMwuDDDzPnzD1t7B5b7QETMf,7rtiKSUDLBm59b1SBmD9oajcP8xE64vAGSMbAN5CXy1q,2025-08-06T10:45:04Z
3yar5E7z7GQi7NmWA8s9L4nHVnKcW1NxG57XesQLPE3Qqm3ojiD6CHKZqyfp24qCtMwuDDDzPnzD1t7B5b7QETMf,7rtiKSUDLBm59b1SBmD9oajcP8xE64vAGSMbAN5CXy1q,2025-08-06T10:45:04Z
4fjLrX9gAv8HDHztnRpUJKqBKgTpWa8j8YLdqk3DGeUYFazQqHe6kv4ogihjYR4mXqvZUGXsiJgEYYXQshaHQXjN,GCvHhEUYQwTJ8jyf8Lc4bv8jBXyZU4LMMsZCobwEPzvM,2025-08-06T10:45:04Z
4tXN8vidBWS7eRpzxUmCn6G1WbdZjAaKFeTQ5KgppADGNaunj882FMpmgfxwJrVuYQzfxukeGTck435gHzUtkup6,GCvHhEUYQwTJ8jyf8Lc4bv8jBXyZU4LMMsZCobwEPzvM,2025-08-06T10:45:04Z
4fjLrX9gAv8HDHztnRpUJKqBKgTpWa8j8YLdqk3DGeUYFazQqHe6kv4ogihjYR4mXqvZUGXsiJgEYYXQshaHQXjN,GCvHhEUYQwTJ8jyf8Lc4bv8jBXyZU4LMMsZCobwEPzvM,2025-08-06T10:45:04Z
4tXN8vidBWS7eRpzxUmCn6G1WbdZjAaKFeTQ5KgppADGNaunj882FMpmgfxwJrVuYQzfxukeGTck435gHzUtkup6,GCvHhEUYQwTJ8jyf8Lc4bv8jBXyZU4LMMsZCobwEPzvM,2025-08-06T10:45:04Z
3yJ9xNAqB4eiJk9vfZjgS6zSVfNNs6vbhyvt4fXkT8Kgh6jrTNaH9o28wsBXPvSG6S6SzcARWZAHSGpiNLitoVuK,A1GC8eqyezWb5gbgaLxzg93LgP84SXhLZymmv7g4t87a,2025-08-06T10:45:05Z
3yJ9xNAqB4eiJk9vfZjgS6zSVfNNs6vbhyvt4fXkT8Kgh6jrTNaH9o28wsBXPvSG6S6SzcARWZAHSGpiNLitoVuK,A1GC8eqyezWb5gbgaLxzg93LgP84SXhLZymmv7g4t87a,2025-08-06T10:45:05Z
5XaVw63Udht5ZFxCd36nait9VXJRgMXd8rvHLxE8Ainw79fLPAkYVf2j2x2hXeEYCfgpD84xDcsmeN4qG6nymTzy,GCvHhEUYQwTJ8jyf8Lc4bv8jBXyZU4LMMsZCobwEPzvM,2025-08-06T10:45:05Z
3woNTyTXd3pJdynG5CCcmDBFPzhZFVxaBgvxdYsKJmX86RepGi2ed8wgmPZ9bVgYGkpwDNyboEZXCuVu55zk1VkG,ZG98FUCjb8mJ824Gbs6RsgVmr1FhXb2oNiJHa2dwmPd,2025-08-06T10:45:06Z
3Rp1xUo21C5oRQdzriTJR2ZqXCCwa5xFEq8z2c4mHVSWyEn75vHGersgKEKvUbjds8wTFd4cszWqLQFsCs5Uvuri,7rtiKSUDLBm59b1SBmD9oajcP8xE64vAGSMbAN5CXy1q,2025-08-06T10:45:06Z
3Rp1xUo21C5oRQdzriTJR2ZqXCCwa5xFEq8z2c4mHVSWyEn75vHGersgKEKvUbjds8wTFd4cszWqLQFsCs5Uvuri,7rtiKSUDLBm59b1SBmD9oajcP8xE64vAGSMbAN5CXy1q,2025-08-06T10:45:06Z
2s33qKJQthXXhk6yqJ99CemFf2YFCqMFdKa3i1SRL5dSdgr5rwvDZWzFCxFbdJYjZqnSmBNq9T3LDGWKVWfEfBJD,86AEJExyjeNNgcp7GrAvCXTDicf5aGWgoERbXFiG1EdD,2025-08-06T10:45:06Z
5q5Vqmkzbor5oRwiPDvZEu5vYpir1wRCxzhWKA24pLeCRQjkQNcUzkZuc6taZx1Wk6hG8B4qiYfokiPXodDM75DG,F2SuErm4MviWJ2HzKXk2nuzBC6xe883CFWUDCPz6cyWm,2025-08-06T10:45:06Z
MoT4SJChqbaEmDQ7tWsf2UxoH8BPaNwoaERjRqmP82VZAoimgLmgGR8d8r6t41GGXKiA8SPCxxt4Gg571551L81,G3g1CKqKWSVEVURZDNMazDBv7YAhMNTjhJBVRTiKZygk,2025-08-06T10:45:07Z
64BkjrgG56oKStwtT3DYPAoLGmB2dFdncJJY2vYgHyRhJ38XTk4TSJoX583vfzmb4W3Yti4oQUGAocUDyiWynupp,2afirS5E9uaYKJX9i9CGhkFVpH5cyfxHfLkazUSKT56c,2025-08-06T10:45:07Z
5Jx8bGfDerUPm1tZAohRNS65pByNQCa2jXA3TXUqL5Yy4ba9SrK29Mn3tgAViqaCsTJRsoTTR69q9LgFWqTrow34,7dGrdJRYtsNR8UYxZ3TnifXGjGc9eRYLq9sELwYpuuUu,2025-08-06T10:45:07Z
2gfEgo6gQw7etmj2rkhHCsuE6AK3MwK4jVADDLD64qz6UCtxF6Bv4tmcSB5bCujsYkAKtUDYhMgkD4Lp1GD4xS3F,7dGrdJRYtsNR8UYxZ3TnifXGjGc9eRYLq9sELwYpuuUu,2025-08-06T10:45:08Z
2TyJK4efkkVG4mMAFmWGm7LVHvdGUEm8PqNWKBX8NvbqQShUH8j8on93rC3BQwwQ7SrxmKDshqoWbjoWdsxrjZgo,7GhhR6NqgHdYBhH3WEETnyCcoruQEmyToU7ibVNhX6Qz,2025-08-06T10:45:09Z
n9XE4zzfnEm9chVyBdvpHVB5P4T6n5rRgVrqkFtFY5jboRrFoQqZbsqRoRgeCmytAoqrJiEKXYGn2v43sPkfjUb,7rtiKSUDLBm59b1SBmD9oajcP8xE64vAGSMbAN5CXy1q,2025-08-06T10:45:09Z
n9XE4zzfnEm9chVyBdvpHVB5P4T6n5rRgVrqkFtFY5jboRrFoQqZbsqRoRgeCmytAoqrJiEKXYGn2v43sPkfjUb,7rtiKSUDLBm59b1SBmD9oajcP8xE64vAGSMbAN5CXy1q,2025-08-06T10:45:09Z
51bFt2mTxChGSL9ifWNzzN76YRzk4FPi7XYg4hucNLYyFCpc8ZWb2jQD4HFT4FynUfkCaqoCyWRtYJJKwjr2a5Tv,JD25qVdtd65FoiXNmR89JjmoJdYk9sjYQeSTZAALFiMy,2025-08-06T10:45:09Z
51bFt2mTxChGSL9ifWNzzN76YRzk4FPi7XYg4hucNLYyFCpc8ZWb2jQD4HFT4FynUfkCaqoCyWRtYJJKwjr2a5Tv,JD25qVdtd65FoiXNmR89JjmoJdYk9sjYQeSTZAALFiMy,2025-08-06T10:45:09Z
51bFt2mTxChGSL9ifWNzzN76YRzk4FPi7XYg4hucNLYyFCpc8ZWb2jQD4HFT4FynUfkCaqoCyWRtYJJKwjr2a5Tv,JD25qVdtd65FoiXNmR89JjmoJdYk9sjYQeSTZAALFiMy,2025-08-06T10:45:09Z
56KdDM2G46At6u2Fi2rJ1PrJ74negoHLX4FRzp9hQe4vRMPMNVxgspMRWz7zzyqLt5bHEaaame2oNmfezaCePYQP,ET3gKMeLqEEU9ybffnio1zmarzreu8ZWTwP7iooMuogq,2025-08-06T10:45:10Z
5gcStUBEK4EmUKJ8Lj3CqmRnh9SiDxybpHPLwsFFLrnxfpUVJmwdv4b1T1p6AGyL3pJfAaqERcj7DfdDtn7qWMvj,2fWyMU2S5ZJMwq9Ay2bwvnfRfiugkJbjWZ8WqKMtD8my,2025-08-06T10:45:11Z
5gcStUBEK4EmUKJ8Lj3CqmRnh9SiDxybpHPLwsFFLrnxfpUVJmwdv4b1T1p6AGyL3pJfAaqERcj7DfdDtn7qWMvj,2fWyMU2S5ZJMwq9Ay2bwvnfRfiugkJbjWZ8WqKMtD8my,2025-08-06T10:45:11Z
5gcStUBEK4EmUKJ8Lj3CqmRnh9SiDxybpHPLwsFFLrnxfpUVJmwdv4b1T1p6AGyL3pJfAaqERcj7DfdDtn7qWMvj,2fWyMU2S5ZJMwq9Ay2bwvnfRfiugkJbjWZ8WqKMtD8my,2025-08-06T10:45:11Z
4NpD1CJLTRT755jVWRmdaqXP6mwaHmFcKUadRy4RGwr7HYcMPDP6kQ6qJed4yxQoW2GCp6q29rUENykWRNRv1eFK,7rtiKSUDLBm59b1SBmD9oajcP8xE64vAGSMbAN5CXy1q,2025-08-06T10:45:11Z
4NpD1CJLTRT755jVWRmdaqXP6mwaHmFcKUadRy4RGwr7HYcMPDP6kQ6qJed4yxQoW2GCp6q29rUENykWRNRv1eFK,7rtiKSUDLBm59b1SBmD9oajcP8xE64vAGSMbAN5CXy1q,2025-08-06T10:45:11Z
3BVPvFjMT7tSNqorUhMjaoq7Vfk7EgKRgweZPtbjbkTVc3uWxyKDwCTq6wEdcChzp6b2hSShAif9WnBrnQwbJEGA,2fWyMU2S5ZJMwq9Ay2bwvnfRfiugkJbjWZ8WqKMtD8my,2025-08-06T10:45:12Z
3BVPvFjMT7tSNqorUhMjaoq7Vfk7EgKRgweZPtbjbkTVc3uWxyKDwCTq6wEdcChzp6b2hSShAif9WnBrnQwbJEGA,2fWyMU2S5ZJMwq9Ay2bwvnfRfiugkJbjWZ8WqKMtD8my,2025-08-06T10:45:12Z
3BVPvFjMT7tSNqorUhMjaoq7Vfk7EgKRgweZPtbjbkTVc3uWxyKDwCTq6wEdcChzp6b2hSShAif9WnBrnQwbJEGA,2fWyMU2S5ZJMwq9Ay2bwvnfRfiugkJbjWZ8WqKMtD8my,2025-08-06T10:45:12Z
2NGP5AE3sJ2DqWGnFrXXzgjpx8PZAPLhYEpwhJSV2HU4RktQtNpyAK29FQ6AEDtUUBVR2rEZFFyxnYcXuETbcXy,JD38n7ynKYcgPpF7k1BhXEeREu1KqptU93fVGy3S624k,2025-08-06T10:45:13Z
2NGP5AE3sJ2DqWGnFrXXzgjpx8PZAPLhYEpwhJSV2HU4RktQtNpyAK29FQ6AEDtUUBVR2rEZFFyxnYcXuETbcXy,JD38n7ynKYcgPpF7k1BhXEeREu1KqptU93fVGy3S624k,2025-08-06T10:45:13Z
2NGP5AE3sJ2DqWGnFrXXzgjpx8PZAPLhYEpwhJSV2HU4RktQtNpyAK29FQ6AEDtUUBVR2rEZFFyxnYcXuETbcXy,JD38n7ynKYcgPpF7k1BhXEeREu1KqptU93fVGy3S624k,2025-08-06T10:45:13Z
3wDi8dZezrRrS8t1k4zsGh9UYrzrGhqawmnvYyChiqZWkfRUjeV3xbC7gPunnU4fQzYBuP8er18jDYmogTSg5cVJ,JD25qVdtd65FoiXNmR89JjmoJdYk9sjYQeSTZAALFiMy,2025-08-06T10:45:13Z
3wDi8dZezrRrS8t1k4zsGh9UYrzrGhqawmnvYyChiqZWkfRUjeV3xbC7gPunnU4fQzYBuP8er18jDYmogTSg5cVJ,JD25qVdtd65FoiXNmR89JjmoJdYk9sjYQeSTZAALFiMy,2025-08-06T10:45:13Z
KkfH8oxpaZnPNi2qfDLEb6bsBDLSMyUMW8Cdrbn59rwqS9dyzqvhDwoS1e8fgwR5RbGC9BU98ZPf5uV3nozGPcZ,2fWyMU2S5ZJMwq9Ay2bwvnfRfiugkJbjWZ8WqKMtD8my,2025-08-06T10:45:13Z
KkfH8oxpaZnPNi2qfDLEb6bsBDLSMyUMW8Cdrbn59rwqS9dyzqvhDwoS1e8fgwR5RbGC9BU98ZPf5uV3nozGPcZ,2fWyMU2S5ZJMwq9Ay2bwvnfRfiugkJbjWZ8WqKMtD8my,2025-08-06T10:45:13Z
KkfH8oxpaZnPNi2qfDLEb6bsBDLSMyUMW8Cdrbn59rwqS9dyzqvhDwoS1e8fgwR5RbGC9BU98ZPf5uV3nozGPcZ,2fWyMU2S5ZJMwq9Ay2bwvnfRfiugkJbjWZ8WqKMtD8my,2025-08-06T10:45:13Z
2LfeEvECWXVL3sAWFqec9bL7x8XSYDBbz87TV9QyQM6B3orqTsiLqGs1f31WsEzgBfc8bzjGHagvVatrjgS45Gtr,JD25qVdtd65FoiXNmR89JjmoJdYk9sjYQeSTZAALFiMy,2025-08-06T10:45:13Z
3wDi8dZezrRrS8t1k4zsGh9UYrzrGhqawmnvYyChiqZWkfRUjeV3xbC7gPunnU4fQzYBuP8er18jDYmogTSg5cVJ,JD25qVdtd65FoiXNmR89JjmoJdYk9sjYQeSTZAALFiMy,2025-08-06T10:45:13Z
4hcbsxyKvrAWDvzYiRHwuMJ2YEHWCAnfBH8hfYiw6nE8NygVrGG2ZvPatuLRdfjjiQVN18C4BGyZSE8V4XeiXjjz,JD38n7ynKYcgPpF7k1BhXEeREu1KqptU93fVGy3S624k,2025-08-06T10:45:13Z
2LfeEvECWXVL3sAWFqec9bL7x8XSYDBbz87TV9QyQM6B3orqTsiLqGs1f31WsEzgBfc8bzjGHagvVatrjgS45Gtr,JD25qVdtd65FoiXNmR89JjmoJdYk9sjYQeSTZAALFiMy,2025-08-06T10:45:13Z
4hcbsxyKvrAWDvzYiRHwuMJ2YEHWCAnfBH8hfYiw6nE8NygVrGG2ZvPatuLRdfjjiQVN18C4BGyZSE8V4XeiXjjz,JD38n7ynKYcgPpF7k1BhXEeREu1KqptU93fVGy3S624k,2025-08-06T10:45:13Z
2LfeEvECWXVL3sAWFqec9bL7x8XSYDBbz87TV9QyQM6B3orqTsiLqGs1f31WsEzgBfc8bzjGHagvVatrjgS45Gtr,JD25qVdtd65FoiXNmR89JjmoJdYk9sjYQeSTZAALFiMy,2025-08-06T10:45:13Z
4NTfFZ9YFGtpVM1e9fE9pe7M1AJEMAMStjz6JKvnzFtdiFsQs9Mc8T9BBkitiD28GjfCgbNLebsh3o3C4jgRBGC4,7rtiKSUDLBm59b1SBmD9oajcP8xE64vAGSMbAN5CXy1q,2025-08-06T10:45:13Z
4hcbsxyKvrAWDvzYiRHwuMJ2YEHWCAnfBH8hfYiw6nE8NygVrGG2ZvPatuLRdfjjiQVN18C4BGyZSE8V4XeiXjjz,JD38n7ynKYcgPpF7k1BhXEeREu1KqptU93fVGy3S624k,2025-08-06T10:45:13Z
4NTfFZ9YFGtpVM1e9fE9pe7M1AJEMAMStjz6JKvnzFtdiFsQs9Mc8T9BBkitiD28GjfCgbNLebsh3o3C4jgRBGC4,7rtiKSUDLBm59b1SBmD9oajcP8xE64vAGSMbAN5CXy1q,2025-08-06T10:45:13Z
R51WQZf8GLE4XvJkbPKjFdNYGncZMFPpVz95tvpCNJVWsmj38cfi8K2zMXc6fkfiR1HrK3F5EbReMPwuxxzTxxM,GCvHhEUYQwTJ8jyf8Lc4bv8jBXyZU4LMMsZCobwEPzvM,2025-08-06T10:45:13Z
3zHwsWpYBLkuUhmJ67LesFhTzyXMtc861MSuhrkMi5zb4XdEfoRufwQZkLCFu1NcjD1tnZz7vefrknY3gVJPskS1,7rtiKSUDLBm59b1SBmD9oajcP8xE64vAGSMbAN5CXy1q,2025-08-06T10:45:15Z
3zHwsWpYBLkuUhmJ67LesFhTzyXMtc861MSuhrkMi5zb4XdEfoRufwQZkLCFu1NcjD1tnZz7vefrknY3gVJPskS1,7rtiKSUDLBm59b1SBmD9oajcP8xE64vAGSMbAN5CXy1q,2025-08-06T10:45:15Z
8Fs5HaJJZUznfUYurRZGh1kKcBb4LV4rx7SUwfuqd3o88KuT55t2fcK3UR6jUqehNLBe5hKP8UVLpipu5JLH9Rg,4qWKgdUQTfV771dxKp2HeBqEzTXEKW7agijrfDfpsXPC,2025-08-06T10:45:15Z
5WnQ6iAYK95dnSZWsDAdnZdVetTNoQx4R6k9xcGRAP4WkDvNuf2JZXfN6g1p4KTS1toEe6eiK3oucMCkKWL2roHH,5PvBRrFPvFPiMtphrmvrbL7uDzPZZRxWPLmVrySksoU1,2025-08-06T10:45:15Z
NN2vNyKibD9DvuGdRKYJhcVgxo2XWidpqiZ6irJmHwVp7dGugUK9fArVFnZLq4eWSQiWwG2eREdEiL57dV3eNaq,DawYLSyo6XJhpP1Djb4AnFANUBrbYCFAPupBQFGBmGCy,2025-08-06T10:45:16Z
3m7Sn69z9k7QGUbcHUeF7ivToKDx27Q2BhJhBfqmBMt61kig2zchYpBoKpFFVuu3URUjUvQbBC7AE6SdWFPmpcrb,GCvHhEUYQwTJ8jyf8Lc4bv8jBXyZU4LMMsZCobwEPzvM,2025-08-06T10:45:18Z
5nrmTvYvnQQ5Q2yW11FGDBa1qraSHdoRYYxYkuY1gZniJsKSjdWjwkHDzmcc8Zjck5fDNZTVPPoQcdPd6HoWCELQ,JD25qVdtd65FoiXNmR89JjmoJdYk9sjYQeSTZAALFiMy,2025-08-06T10:45:18Z
5nrmTvYvnQQ5Q2yW11FGDBa1qraSHdoRYYxYkuY1gZniJsKSjdWjwkHDzmcc8Zjck5fDNZTVPPoQcdPd6HoWCELQ,JD25qVdtd65FoiXNmR89JjmoJdYk9sjYQeSTZAALFiMy,2025-08-06T10:45:18Z
5nrmTvYvnQQ5Q2yW11FGDBa1qraSHdoRYYxYkuY1gZniJsKSjdWjwkHDzmcc8Zjck5fDNZTVPPoQcdPd6HoWCELQ,JD25qVdtd65FoiXNmR89JjmoJdYk9sjYQeSTZAALFiMy,2025-08-06T10:45:18Z
3RtC1tdcEEjSMzy7vUfauU3sgwxRo4tekHXKC44AeaJMnggMogSQveZ6ZgPfjapnDfdCmFw88CVRJCotb9ffCNhj,GCvHhEUYQwTJ8jyf8Lc4bv8jBXyZU4LMMsZCobwEPzvM,2025-08-06T10:45:19Z
5DC7FUybTjQ8DQ3tJw2ddtcKocyB6sbrJWFT3WfxtEPshRyEPqHN2NucndYhwM5bZTgoeJCjzbxeucXz9gD3evZd,nya666pQkP3PzWxi7JngU3rRMHuc7zbLK8c8wxQ4qpT,2025-08-06T10:45:20Z
46utVxdFqZPUcz4M4L28wTo39S92YcMCv6BSTsGmeCAoCLrYGu1dRV8UqM73q4X46NVKj7matsFMSdz5Nj6eb5pD,7dGrdJRYtsNR8UYxZ3TnifXGjGc9eRYLq9sELwYpuuUu,2025-08-06T10:45:20Z
46utVxdFqZPUcz4M4L28wTo39S92YcMCv6BSTsGmeCAoCLrYGu1dRV8UqM73q4X46NVKj7matsFMSdz5Nj6eb5pD,7dGrdJRYtsNR8UYxZ3TnifXGjGc9eRYLq9sELwYpuuUu,2025-08-06T10:45:20Z
37ybtnZwSitVXakgJa6uDCCsQSMZqeREFHkduyzXjGqS7wsFM1jDR4c5DKV8BjF4xBvNh9t8Z5BrGViZ2LAxCtfu,EUTGz6e8o9Wh4mBe3mJ4B1Xwu5VfeZhy5ph3VscPdYPT,2025-08-06T10:45:20Z
u1vjHbqfdLKCysXNzbb1441qsPnunzJcGm4JrU5AXQEz3A3KAmG7fp7pPDok6g61q3BQMQ4p5npqK8GdgHJJLNh,YpnnUu1ZPHpAzy4xggEd5pBTbu1aDayXuARsYsavNs9,2025-08-06T10:45:20Z
3KHR2J68D7DNXGzHJPfsoyCJHQysVyfdPsQc5Pyqe9PgLc8imAZoPMjKFcrdBDzwj7jGy5DQiH82NrLe9nFAkjDe,696969Y6orZEjp4gZtwcCZS7TNVuhMVE6G5mFvdJ4mYq,2025-08-06T10:45:20Z
5vqBMXXdMuCbMtaYeKVUGXtfGousdzP8NUYZMtX8SxU2AFd1wqZrYdZVUpP8ZBXngANvW7uWidHYXedvWZyvVpvz,JD38n7ynKYcgPpF7k1BhXEeREu1KqptU93fVGy3S624k,2025-08-06T10:45:20Z
5vqBMXXdMuCbMtaYeKVUGXtfGousdzP8NUYZMtX8SxU2AFd1wqZrYdZVUpP8ZBXngANvW7uWidHYXedvWZyvVpvz,JD38n7ynKYcgPpF7k1BhXEeREu1KqptU93fVGy3S624k,2025-08-06T10:45:20Z
5vqBMXXdMuCbMtaYeKVUGXtfGousdzP8NUYZMtX8SxU2AFd1wqZrYdZVUpP8ZBXngANvW7uWidHYXedvWZyvVpvz,JD38n7ynKYcgPpF7k1BhXEeREu1KqptU93fVGy3S624k,2025-08-06T10:45:20Z
3uc6smfNBkMW9J2gcXBezcCRqtK89oMqCEQkkJd3axoJubjEsnzrkhDqNZgYdxGVMcfvDgLLdMSGyyewnRLwAxvW,7rtiKSUDLBm59b1SBmD9oajcP8xE64vAGSMbAN5CXy1q,2025-08-06T10:45:21Z
3uc6smfNBkMW9J2gcXBezcCRqtK89oMqCEQkkJd3axoJubjEsnzrkhDqNZgYdxGVMcfvDgLLdMSGyyewnRLwAxvW,7rtiKSUDLBm59b1SBmD9oajcP8xE64vAGSMbAN5CXy1q,2025-08-06T10:45:21Z
HatGZWZpnAgLkehYTcnZBqXPEmbT9gERXvXcZyG49JnTTsT7KS2hYQxRpveUmvvJqNE5JdPuLrBzkjueDtrWhBk,4qWKgdUQTfV771dxKp2HeBqEzTXEKW7agijrfDfpsXPC,2025-08-06T10:45:21Z
3RZiiCeFiuRNMuezoiXDmQausJXLotBYGBeNyUB6Ab58WANBtCVRkLEM6qmYfH4k5A4wbCwTu6bwHuhDBNPNEki,GCvHhEUYQwTJ8jyf8Lc4bv8jBXyZU4LMMsZCobwEPzvM,2025-08-06T10:45:21Z
52cm6Fp7ZFkju8H62VtCfV8pny1Ugp2U3eSRdaxHtMFP4Lecx6zsnch28gwrzHsNyXQZ2g5BVFwyV1KsnEq4gqFL,DGBdUFWeCssZq4FJbNfjH7qiT5secz2KWfLKLT6Bf7rv,2025-08-06T10:45:22Z
2SczoszxzHBSDVhQBf4dbDNzYHiroEFoQ7LX8w1KkjGt1srmeSzqDGPQiuqXWjW7PBQFnGMBRjHxLNiAxSwtd333,7rtiKSUDLBm59b1SBmD9oajcP8xE64vAGSMbAN5CXy1q,2025-08-06T10:45:22Z
2SczoszxzHBSDVhQBf4dbDNzYHiroEFoQ7LX8w1KkjGt1srmeSzqDGPQiuqXWjW7PBQFnGMBRjHxLNiAxSwtd333,7rtiKSUDLBm59b1SBmD9oajcP8xE64vAGSMbAN5CXy1q,2025-08-06T10:45:22Z
48ua52akMKmhDG94c6o4jjum8GEiVE2DSvMnbzw7VDYsxPafxbDLscCZS3vGVJLTHSQnC8kq2eepof2jc1ZRKnkX,JD38n7ynKYcgPpF7k1BhXEeREu1KqptU93fVGy3S624k,2025-08-06T10:45:25Z
48ua52akMKmhDG94c6o4jjum8GEiVE2DSvMnbzw7VDYsxPafxbDLscCZS3vGVJLTHSQnC8kq2eepof2jc1ZRKnkX,JD38n7ynKYcgPpF7k1BhXEeREu1KqptU93fVGy3S624k,2025-08-06T10:45:25Z
4fowRD73eEf3CBt8QNosGTSjApGEvQ3tq96pEP6b9wR22CCEAZUZTSobtx7ERmHKb58yVmi847ZTKzpCPdYKDi51,7rtiKSUDLBm59b1SBmD9oajcP8xE64vAGSMbAN5CXy1q,2025-08-06T10:45:25Z
48ua52akMKmhDG94c6o4jjum8GEiVE2DSvMnbzw7VDYsxPafxbDLscCZS3vGVJLTHSQnC8kq2eepof2jc1ZRKnkX,JD38n7ynKYcgPpF7k1BhXEeREu1KqptU93fVGy3S624k,2025-08-06T10:45:25Z
4fowRD73eEf3CBt8QNosGTSjApGEvQ3tq96pEP6b9wR22CCEAZUZTSobtx7ERmHKb58yVmi847ZTKzpCPdYKDi51,7rtiKSUDLBm59b1SBmD9oajcP8xE64vAGSMbAN5CXy1q,2025-08-06T10:45:25Z
48ua52akMKmhDG94c6o4jjum8GEiVE2DSvMnbzw7VDYsxPafxbDLscCZS3vGVJLTHSQnC8kq2eepof2jc1ZRKnkX,JD38n7ynKYcgPpF7k1BhXEeREu1KqptU93fVGy3S624k,2025-08-06T10:45:25Z
AtaTNRqqWeHtXr12JQsCXx1ccCyRPu9QURmvRDrvpX6k7hBoGqddgXpCULCEjGr4gpdtt8HJqV5yi4DoxKjMobT,JD25qVdtd65FoiXNmR89JjmoJdYk9sjYQeSTZAALFiMy,2025-08-06T10:45:25Z
AtaTNRqqWeHtXr12JQsCXx1ccCyRPu9QURmvRDrvpX6k7hBoGqddgXpCULCEjGr4gpdtt8HJqV5yi4DoxKjMobT,JD25qVdtd65FoiXNmR89JjmoJdYk9sjYQeSTZAALFiMy,2025-08-06T10:45:25Z
AtaTNRqqWeHtXr12JQsCXx1ccCyRPu9QURmvRDrvpX6k7hBoGqddgXpCULCEjGr4gpdtt8HJqV5yi4DoxKjMobT,JD25qVdtd65FoiXNmR89JjmoJdYk9sjYQeSTZAALFiMy,2025-08-06T10:45:25Z
4CCFzJfxYAn7iB4hmpS9BxvWcKZbpA8gWqFpU4vVLL6BmeHqQ4wuy2GhMXwU1UqRmyjD92bRmGcULYKhmadXc2Ws,JD25qVdtd65FoiXNmR89JjmoJdYk9sjYQeSTZAALFiMy,2025-08-06T10:45:26Z
4CCFzJfxYAn7iB4hmpS9BxvWcKZbpA8gWqFpU4vVLL6BmeHqQ4wuy2GhMXwU1UqRmyjD92bRmGcULYKhmadXc2Ws,JD25qVdtd65FoiXNmR89JjmoJdYk9sjYQeSTZAALFiMy,2025-08-06T10:45:26Z
3ffJdkygqeAz9WQdNe4uiDyGSmfWoxaXEHcq4t8eAFSAmgaM2CwNNUYUJvGoGKkwGVnxLXxZa912esMUE2kfR9Ey,JD25qVdtd65FoiXNmR89JjmoJdYk9sjYQeSTZAALFiMy,2025-08-06T10:45:26Z
3ffJdkygqeAz9WQdNe4uiDyGSmfWoxaXEHcq4t8eAFSAmgaM2CwNNUYUJvGoGKkwGVnxLXxZa912esMUE2kfR9Ey,JD25qVdtd65FoiXNmR89JjmoJdYk9sjYQeSTZAALFiMy,2025-08-06T10:45:26Z
3ffJdkygqeAz9WQdNe4uiDyGSmfWoxaXEHcq4t8eAFSAmgaM2CwNNUYUJvGoGKkwGVnxLXxZa912esMUE2kfR9Ey,JD25qVdtd65FoiXNmR89JjmoJdYk9sjYQeSTZAALFiMy,2025-08-06T10:45:26Z
4nYLWUs5agsQz5F7kkZ2vAiyyC1wJr9unA4vAgt9tQ7ftWay9kp2kH7RSgFRqLbBzHCHbucs6S2d6guPseh8syf7,7rtiKSUDLBm59b1SBmD9oajcP8xE64vAGSMbAN5CXy1q,2025-08-06T10:45:26Z
4nYLWUs5agsQz5F7kkZ2vAiyyC1wJr9unA4vAgt9tQ7ftWay9kp2kH7RSgFRqLbBzHCHbucs6S2d6guPseh8syf7,7rtiKSUDLBm59b1SBmD9oajcP8xE64vAGSMbAN5CXy1q,2025-08-06T10:45:26Z
4CCFzJfxYAn7iB4hmpS9BxvWcKZbpA8gWqFpU4vVLL6BmeHqQ4wuy2GhMXwU1UqRmyjD92bRmGcULYKhmadXc2Ws,JD25qVdtd65FoiXNmR89JjmoJdYk9sjYQeSTZAALFiMy,2025-08-06T10:45:26Z
4nYLWUs5agsQz5F7kkZ2vAiyyC1wJr9unA4vAgt9tQ7ftWay9kp2kH7RSgFRqLbBzHCHbucs6S2d6guPseh8syf7,7rtiKSUDLBm59b1SBmD9oajcP8xE64vAGSMbAN5CXy1q,2025-08-06T10:45:26Z
2g9Cwcp4MPdLP5LE93ga52Rr2xXPvLu5vyrWKWHBy8eqtVFw4AHAJw5XrnAU5UZPZtWWKuAoMubcB2qaadx2zJDH,nya666pQkP3PzWxi7JngU3rRMHuc7zbLK8c8wxQ4qpT,2025-08-06T10:45:26Z
67ad2UrCRGuivieq2u5ezfFS3TbMJtheZZ5dpYZDbGmFLy12vHs5DF4T21cU9ChF7BZK5NCtLP9FCkmHx997FR7y,7rtiKSUDLBm59b1SBmD9oajcP8xE64vAGSMbAN5CXy1q,2025-08-06T10:45:26Z
67ad2UrCRGuivieq2u5ezfFS3TbMJtheZZ5dpYZDbGmFLy12vHs5DF4T21cU9ChF7BZK5NCtLP9FCkmHx997FR7y,7rtiKSUDLBm59b1SBmD9oajcP8xE64vAGSMbAN5CXy1q,2025-08-06T10:45:26Z
4hjK5PM2d5dKLxhFp5tdujWT9A4hWq7qEcCzWjR66fVtbtWPM4Jb8L2ywwphKwU62zhy8qLgn6K3mZdpjJ3UxtEX,BiYaL1KNnzfZAnu3jLBRTcYcmCW2TT2TABWU8RFLqy93,2025-08-06T10:45:27Z
3kBYAgXrEoHAS2tY2Gk9yz3NU4V7qf7bPYfxHr6mnTVPjNXkb436FpJ7MWu69KFDvz4evncYgbEXWruownczkacA,7dGrdJRYtsNR8UYxZ3TnifXGjGc9eRYLq9sELwYpuuUu,2025-08-06T10:45:27Z
3kBYAgXrEoHAS2tY2Gk9yz3NU4V7qf7bPYfxHr6mnTVPjNXkb436FpJ7MWu69KFDvz4evncYgbEXWruownczkacA,7dGrdJRYtsNR8UYxZ3TnifXGjGc9eRYLq9sELwYpuuUu,2025-08-06T10:45:27Z
3UAAHUHuDXGhVTv8GFKXiFqqummowtNTUBVy1hAkGNPHggjfojHDTeBorFctmBzTsHyfSgnS1JAgTdci8rX8oZny,7rtiKSUDLBm59b1SBmD9oajcP8xE64vAGSMbAN5CXy1q,2025-08-06T10:45:28Z
3UAAHUHuDXGhVTv8GFKXiFqqummowtNTUBVy1hAkGNPHggjfojHDTeBorFctmBzTsHyfSgnS1JAgTdci8rX8oZny,7rtiKSUDLBm59b1SBmD9oajcP8xE64vAGSMbAN5CXy1q,2025-08-06T10:45:28Z
E1MX6KARP6fR6AKgc7WvnQ7e2vfebPhV3MiunyhZqYA19URGQKcgBwQ5Y9R9XQ96nwkKWMdeFjKg2UDt2My1t1M,4qWKgdUQTfV771dxKp2HeBqEzTXEKW7agijrfDfpsXPC,2025-08-06T10:45:29Z
2w6BZ1DAFENTNSUHAXLF2aZ5RKjFYtq3QEeFi8qjoYhdT1p5tptbDSXEcSRU2rgCQhm6cnd8MpaeZGtARh3n3zab,2fWyMU2S5ZJMwq9Ay2bwvnfRfiugkJbjWZ8WqKMtD8my,2025-08-06T10:45:29Z
2w6BZ1DAFENTNSUHAXLF2aZ5RKjFYtq3QEeFi8qjoYhdT1p5tptbDSXEcSRU2rgCQhm6cnd8MpaeZGtARh3n3zab,2fWyMU2S5ZJMwq9Ay2bwvnfRfiugkJbjWZ8WqKMtD8my,2025-08-06T10:45:29Z
2w6BZ1DAFENTNSUHAXLF2aZ5RKjFYtq3QEeFi8qjoYhdT1p5tptbDSXEcSRU2rgCQhm6cnd8MpaeZGtARh3n3zab,2fWyMU2S5ZJMwq9Ay2bwvnfRfiugkJbjWZ8WqKMtD8my,2025-08-06T10:45:29Z
5YtnZDxjVryVrKQSTEub7cfyGh5AFvY5wC3GAMnH67AiqyXaJmNPDTy6s483TnmxwcoUvp64XWZTUgynB6oWchzq,JD25qVdtd65FoiXNmR89JjmoJdYk9sjYQeSTZAALFiMy,2025-08-06T10:45:29Z
2DAq2DPjxVz8u811UNfLnmRXB29CvfetRb5Ys3cc1bY3jBLHDAUZ256Tyw83cyGQ1P1ZyBPGkKxSv9sbP1RL8WMg,2fWyMU2S5ZJMwq9Ay2bwvnfRfiugkJbjWZ8WqKMtD8my,2025-08-06T10:45:29Z
2DAq2DPjxVz8u811UNfLnmRXB29CvfetRb5Ys3cc1bY3jBLHDAUZ256Tyw83cyGQ1P1ZyBPGkKxSv9sbP1RL8WMg,2fWyMU2S5ZJMwq9Ay2bwvnfRfiugkJbjWZ8WqKMtD8my,2025-08-06T10:45:29Z
4wt3xiMei7eMFiShMcHbSmoQijCj6sdYNuCiSUCWZouPdseM3WJj6dkDWgC1TRwCGZBuVsAwPVoxQJibytd4sH7i,7rtiKSUDLBm59b1SBmD9oajcP8xE64vAGSMbAN5CXy1q,2025-08-06T10:45:29Z
4wt3xiMei7eMFiShMcHbSmoQijCj6sdYNuCiSUCWZouPdseM3WJj6dkDWgC1TRwCGZBuVsAwPVoxQJibytd4sH7i,7rtiKSUDLBm59b1SBmD9oajcP8xE64vAGSMbAN5CXy1q,2025-08-06T10:45:29Z
2DAq2DPjxVz8u811UNfLnmRXB29CvfetRb5Ys3cc1bY3jBLHDAUZ256Tyw83cyGQ1P1ZyBPGkKxSv9sbP1RL8WMg,2fWyMU2S5ZJMwq9Ay2bwvnfRfiugkJbjWZ8WqKMtD8my,2025-08-06T10:45:29Z
3mGhPwx22rw9SB6UYvLen62A3cFETD8ufdKrAfEeUoeaEY6pU1E4dVYViMeZUta4eERSEDNNeRFG1JLFcMwZ2ui3,7rtiKSUDLBm59b1SBmD9oajcP8xE64vAGSMbAN5CXy1q,2025-08-06T10:45:31Z
3mGhPwx22rw9SB6UYvLen62A3cFETD8ufdKrAfEeUoeaEY6pU1E4dVYViMeZUta4eERSEDNNeRFG1JLFcMwZ2ui3,7rtiKSUDLBm59b1SBmD9oajcP8xE64vAGSMbAN5CXy1q,2025-08-06T10:45:31Z
3mGhPwx22rw9SB6UYvLen62A3cFETD8ufdKrAfEeUoeaEY6pU1E4dVYViMeZUta4eERSEDNNeRFG1JLFcMwZ2ui3,7rtiKSUDLBm59b1SBmD9oajcP8xE64vAGSMbAN5CXy1q,2025-08-06T10:45:31Z
67XXbR8PYHVmp4ce7fcrWEvQcx7p9uN1Swgt3ajhZJCQfkmSEEf62Sny3uUTx2ftB9xjGDDxgGX7bRwLnTSvfUnn,nya666pQkP3PzWxi7JngU3rRMHuc7zbLK8c8wxQ4qpT,2025-08-06T10:45:31Z
3FyiUQyxpVMUJW4iNq8cQpU9bxYi2L3Es7Jes6d8b4h1ff3vuAmtghr2G9cv8HPRmgP2Y71QGSvmxtBXk9PfYDkf,GCvHhEUYQwTJ8jyf8Lc4bv8jBXyZU4LMMsZCobwEPzvM,2025-08-06T10:45:31Z
4V6uqGmWtddc33obg6v68dbGp3cB4axgLDb8jKP9Gy9XB7dXHyTnTBkj1791ALnzaUYi7BMEcayQbNP4b2LMVGPv,YpnnUu1ZPHpAzy4xggEd5pBTbu1aDayXuARsYsavNs9,2025-08-06T10:45:33Z
L3KvtntVqcnQHE822b1y9CJQwitV3v3zgAwwykWNeNfZFREuNQCbYUPSEfkjbxf55edokHpSD7yuPGZnNtyPedZ,7dGrdJRYtsNR8UYxZ3TnifXGjGc9eRYLq9sELwYpuuUu,2025-08-06T10:45:34Z
L3KvtntVqcnQHE822b1y9CJQwitV3v3zgAwwykWNeNfZFREuNQCbYUPSEfkjbxf55edokHpSD7yuPGZnNtyPedZ,7dGrdJRYtsNR8UYxZ3TnifXGjGc9eRYLq9sELwYpuuUu,2025-08-06T10:45:34Z
aUqUGe1hfBjPXgpSPjbQuTxgWpFqz4cfDjFb5CXc4eHaWdT1w18iiPr7aJbryduh6Tgvk6vsVQHKtbkHq2KmFik,2fWyMU2S5ZJMwq9Ay2bwvnfRfiugkJbjWZ8WqKMtD8my,2025-08-06T10:45:37Z
aUqUGe1hfBjPXgpSPjbQuTxgWpFqz4cfDjFb5CXc4eHaWdT1w18iiPr7aJbryduh6Tgvk6vsVQHKtbkHq2KmFik,2fWyMU2S5ZJMwq9Ay2bwvnfRfiugkJbjWZ8WqKMtD8my,2025-08-06T10:45:37Z
4asUNQLsRwsxivXM7mBjr59DQXqWMUf64bpfNHXwBpUQhem36pF98zBxubZ3nPJPUDypK2dLJmeCXfTeBpjLhipr,7rtiKSUDLBm59b1SBmD9oajcP8xE64vAGSMbAN5CXy1q,2025-08-06T10:45:37Z
3ocvBFLqZPnW2n8avCFFcrtyqx6TaUZXNZBTYnhKMiH9QUAUEhrHNbHY95bpiW1rVU7Br4eJQjdybWUuZxRxYZaC,9PHm2cYU8DhwBrbRsqqAjhW9uXVrNR1RaLsvo9oGVeaq,2025-08-06T10:45:37Z
4asUNQLsRwsxivXM7mBjr59DQXqWMUf64bpfNHXwBpUQhem36pF98zBxubZ3nPJPUDypK2dLJmeCXfTeBpjLhipr,7rtiKSUDLBm59b1SBmD9oajcP8xE64vAGSMbAN5CXy1q,2025-08-06T10:45:37Z
aUqUGe1hfBjPXgpSPjbQuTxgWpFqz4cfDjFb5CXc4eHaWdT1w18iiPr7aJbryduh6Tgvk6vsVQHKtbkHq2KmFik,2fWyMU2S5ZJMwq9Ay2bwvnfRfiugkJbjWZ8WqKMtD8my,2025-08-06T10:45:37Z
5xbuMq35XeqawczebJqEBzwpptG9VMoMEPEz86uMtxK65BBKBaoU7iPUCugtui3ztm8MZyKX6c5QRbxsNs2VJJad,JD38n7ynKYcgPpF7k1BhXEeREu1KqptU93fVGy3S624k,2025-08-06T10:45:37Z
3SC6W9caKRbg3aZUyM2UG2BP83ZtAEsm7HUkUQuvQ7iiw9QgHy6hY2x6vpUXmXotssBxtRgdBcN5pASdeHxHG9tU,JD38n7ynKYcgPpF7k1BhXEeREu1KqptU93fVGy3S624k,2025-08-06T10:45:37Z
3SC6W9caKRbg3aZUyM2UG2BP83ZtAEsm7HUkUQuvQ7iiw9QgHy6hY2x6vpUXmXotssBxtRgdBcN5pASdeHxHG9tU,JD38n7ynKYcgPpF7k1BhXEeREu1KqptU93fVGy3S624k,2025-08-06T10:45:37Z
4JaTce67EAyZFdBMozWkWqy9TvP3JrSB2MpoB1ppaQK1WWtZodd7Kbsttxvp592mew4xVyx4doUoAtRk2UGFdi6A,JD25qVdtd65FoiXNmR89JjmoJdYk9sjYQeSTZAALFiMy,2025-08-06T10:45:37Z
3SC6W9caKRbg3aZUyM2UG2BP83ZtAEsm7HUkUQuvQ7iiw9QgHy6hY2x6vpUXmXotssBxtRgdBcN5pASdeHxHG9tU,JD38n7ynKYcgPpF7k1BhXEeREu1KqptU93fVGy3S624k,2025-08-06T10:45:37Z
4JaTce67EAyZFdBMozWkWqy9TvP3JrSB2MpoB1ppaQK1WWtZodd7Kbsttxvp592mew4xVyx4doUoAtRk2UGFdi6A,JD25qVdtd65FoiXNmR89JjmoJdYk9sjYQeSTZAALFiMy,2025-08-06T10:45:37Z
33grAUdo1Z6yiSEHZD8rmkxyd5cW45Divb7FdsYg7MwDNe3hn4aqkoZJk74LSRCUUxMSVFkF9HWXLqCoCaSfxwPQ,GCvHhEUYQwTJ8jyf8Lc4bv8jBXyZU4LMMsZCobwEPzvM,2025-08-06T10:45:37Z
vS9xqBEoZTn89eJvuwjHRRGNycZBN8g55BGAjUpcrqUpFLZQkbgqrPg8zrmUqpkwzFTkfr2K7UUH5j8Rzi8LQVj,JD25qVdtd65FoiXNmR89JjmoJdYk9sjYQeSTZAALFiMy,2025-08-06T10:45:37Z
ENjnFPXe1rTPW1v2ocsKMz6vgxjakwRuAgCKMJ3v8PSBNMBEFoh6Sukcz19gEDG38VQ6s7eGK2Qy9VRLpfTeCEh,GCvHhEUYQwTJ8jyf8Lc4bv8jBXyZU4LMMsZCobwEPzvM,2025-08-06T10:45:37Z
4JaTce67EAyZFdBMozWkWqy9TvP3JrSB2MpoB1ppaQK1WWtZodd7Kbsttxvp592mew4xVyx4doUoAtRk2UGFdi6A,JD25qVdtd65FoiXNmR89JjmoJdYk9sjYQeSTZAALFiMy,2025-08-06T10:45:37Z
vS9xqBEoZTn89eJvuwjHRRGNycZBN8g55BGAjUpcrqUpFLZQkbgqrPg8zrmUqpkwzFTkfr2K7UUH5j8Rzi8LQVj,JD25qVdtd65FoiXNmR89JjmoJdYk9sjYQeSTZAALFiMy,2025-08-06T10:45:37Z
vS9xqBEoZTn89eJvuwjHRRGNycZBN8g55BGAjUpcrqUpFLZQkbgqrPg8zrmUqpkwzFTkfr2K7UUH5j8Rzi8LQVj,JD25qVdtd65FoiXNmR89JjmoJdYk9sjYQeSTZAALFiMy,2025-08-06T10:45:37Z
5EakqCU4K86RSuo2XiPo7wffezm8ByudkGBnazJnTNHt6Jez9BZnYJfHzXBVkPYY71MgzBDqEikBXamDa6PpvxM5,JD38n7ynKYcgPpF7k1BhXEeREu1KqptU93fVGy3S624k,2025-08-06T10:45:37Z
5xbuMq35XeqawczebJqEBzwpptG9VMoMEPEz86uMtxK65BBKBaoU7iPUCugtui3ztm8MZyKX6c5QRbxsNs2VJJad,JD38n7ynKYcgPpF7k1BhXEeREu1KqptU93fVGy3S624k,2025-08-06T10:45:37Z
5EakqCU4K86RSuo2XiPo7wffezm8ByudkGBnazJnTNHt6Jez9BZnYJfHzXBVkPYY71MgzBDqEikBXamDa6PpvxM5,JD38n7ynKYcgPpF7k1BhXEeREu1KqptU93fVGy3S624k,2025-08-06T10:45:37Z
5EakqCU4K86RSuo2XiPo7wffezm8ByudkGBnazJnTNHt6Jez9BZnYJfHzXBVkPYY71MgzBDqEikBXamDa6PpvxM5,JD38n7ynKYcgPpF7k1BhXEeREu1KqptU93fVGy3S624k,2025-08-06T10:45:37Z
Wyt2Vwyt9dciasMCPievdhXP8PdkNLpz6nhagN2RQqXSKbRJTcGsW4dtVmpD3PDmaLen8QcmjjVd8STXN9fXTEX,JD38n7ynKYcgPpF7k1BhXEeREu1KqptU93fVGy3S624k,2025-08-06T10:45:38Z
Wyt2Vwyt9dciasMCPievdhXP8PdkNLpz6nhagN2RQqXSKbRJTcGsW4dtVmpD3PDmaLen8QcmjjVd8STXN9fXTEX,JD38n7ynKYcgPpF7k1BhXEeREu1KqptU93fVGy3S624k,2025-08-06T10:45:38Z
2ofryFCwHgH8Kxt3d3f8naq64WUYAJkah8DQcsmVfvLJoa51pddL1NQredDGax2SvqdcVydcy61cV5bGvhRVVKuJ,F7RV6aBWfniixoFkQNWmRwznDj2vae2XbusFfvMMjtbE,2025-08-06T10:45:40Z
2yq3JpxHR1kGSBm4dhzdE4xWR3T5xEPSdcLohbazt3A4f7p77nhSG4reSWpvP8wSfGQfi8PQxJHeWTPoVGYhbJtf,7rtiKSUDLBm59b1SBmD9oajcP8xE64vAGSMbAN5CXy1q,2025-08-06T10:45:41Z
2yq3JpxHR1kGSBm4dhzdE4xWR3T5xEPSdcLohbazt3A4f7p77nhSG4reSWpvP8wSfGQfi8PQxJHeWTPoVGYhbJtf,7rtiKSUDLBm59b1SBmD9oajcP8xE64vAGSMbAN5CXy1q,2025-08-06T10:45:41Z
2STfMgsd4vFhi12mmC8crxbf1JhHZJUFM2jhoBErxzJdYb1PwfUi7nHSAjuUSZaLhxYb7f7qSFKqjageN7oHvQWs,6doru6Tz7baSb5FGHdxEjHaZ7dqzy3fAKEeQCy9QFrJx,2025-08-06T10:45:43Z
3yjfXXuCwpHJZnvH1Gn8gJ83yXKAA7M4LGtnY6wupZTRo7h7dvSwjz4jREcaGCcQqF7TV7VMPfYaFtjheR24HZWX,7dGrdJRYtsNR8UYxZ3TnifXGjGc9eRYLq9sELwYpuuUu,2025-08-06T10:45:43Z
5GxANBG36L4zUCDzjMrhyKfkpadCRBiPrwRPU2BkBKZ4USkBuaExD4QgUXHUjZXHWNAbBWFme4j8oqtaWoANSvMr,7dGrdJRYtsNR8UYxZ3TnifXGjGc9eRYLq9sELwYpuuUu,2025-08-06T10:45:43Z
5GxANBG36L4zUCDzjMrhyKfkpadCRBiPrwRPU2BkBKZ4USkBuaExD4QgUXHUjZXHWNAbBWFme4j8oqtaWoANSvMr,7dGrdJRYtsNR8UYxZ3TnifXGjGc9eRYLq9sELwYpuuUu,2025-08-06T10:45:43Z
3yjfXXuCwpHJZnvH1Gn8gJ83yXKAA7M4LGtnY6wupZTRo7h7dvSwjz4jREcaGCcQqF7TV7VMPfYaFtjheR24HZWX,7dGrdJRYtsNR8UYxZ3TnifXGjGc9eRYLq9sELwYpuuUu,2025-08-06T10:45:43Z
3KceWgE57wWTTRJKEwVg8VqGi9vG7KoJUotLmGeSdauiZXW3WaJ1nBGfpbEtiXjEN91vWyrTA8gEQ3c2Pw8yJLwN,7dGrdJRYtsNR8UYxZ3TnifXGjGc9eRYLq9sELwYpuuUu,2025-08-06T10:45:43Z
2sFr8cGvyMt6ZiCRUGNPxEFnMYpchHN8cum1YujkuCWeTZYyaNP5zgf3TuybUbPC9BtgLbiLV7EauKPYCksx8Fzb,7dGrdJRYtsNR8UYxZ3TnifXGjGc9eRYLq9sELwYpuuUu,2025-08-06T10:45:43Z
2sFr8cGvyMt6ZiCRUGNPxEFnMYpchHN8cum1YujkuCWeTZYyaNP5zgf3TuybUbPC9BtgLbiLV7EauKPYCksx8Fzb,7dGrdJRYtsNR8UYxZ3TnifXGjGc9eRYLq9sELwYpuuUu,2025-08-06T10:45:43Z
3KceWgE57wWTTRJKEwVg8VqGi9vG7KoJUotLmGeSdauiZXW3WaJ1nBGfpbEtiXjEN91vWyrTA8gEQ3c2Pw8yJLwN,7dGrdJRYtsNR8UYxZ3TnifXGjGc9eRYLq9sELwYpuuUu,2025-08-06T10:45:43Z
2Gtyijg7475S96cfwhzJYwmHFWuEgXSxaYtcpARDXXWP6fjfDxJMZEdVmLMxBCndDkPyhoPTYAUifcH29Kb7ekJs,GCvHhEUYQwTJ8jyf8Lc4bv8jBXyZU4LMMsZCobwEPzvM,2025-08-06T10:45:44Z
3u1SwD2Tm7urNGFY4qhnfqTXiiXdGuCTzu1XrXV3iYsMktwDWp7ZwkybuccwVhCyZwSj1ee8L8jT5RUQxBCUSSzb,66eMMe1Ga3FyJqmv1rmcPcHEgg8bYs74MvABtwVxtZJH,2025-08-06T10:45:44Z
3sCQtfSYgjxomb6Lo5ZJ5ujutzZrWEaAWAx9VR6EAZ9WCa8p4TcLefyxMjrYrknbY3Jyqvgz6tVZEsut6xHqzan3,7rtiKSUDLBm59b1SBmD9oajcP8xE64vAGSMbAN5CXy1q,2025-08-06T10:45:44Z
3sCQtfSYgjxomb6Lo5ZJ5ujutzZrWEaAWAx9VR6EAZ9WCa8p4TcLefyxMjrYrknbY3Jyqvgz6tVZEsut6xHqzan3,7rtiKSUDLBm59b1SBmD9oajcP8xE64vAGSMbAN5CXy1q,2025-08-06T10:45:44Z
36AY3tRhGUhWGs9bdbKZLdWcDssSXxaXEi2erCsrbmzrsW3YjVNH7Jzc3qDFvJjiVT4iXtU333AALLKQeCTSA328,7rhxnLV8C77o6d8oz26AgK8x8m5ePsdeRawjqvojbjnQ,2025-08-06T10:45:45Z
Wot1JPXtYaofzJx6RZuurcr8RrtC5DrguJ5iaUJLm5b4NBLvnKuAbpQynkA1gkDvnrYU9M4WStyFJkSZdyZEDwF,HjiNTb9SJzVi9fc3ekr5PUMd3fCkFwEwAde52vDQD3hs,2025-08-06T10:45:45Z
4hnxa7MvcorYnnvdsmwG5fFfNTjhJCyrgDEUWxufcnebzNRgthaESs2opdKU4VVjAZXp5xbPVFR9a55cm2nH6PyU,2fWyMU2S5ZJMwq9Ay2bwvnfRfiugkJbjWZ8WqKMtD8my,2025-08-06T10:45:45Z
4hnxa7MvcorYnnvdsmwG5fFfNTjhJCyrgDEUWxufcnebzNRgthaESs2opdKU4VVjAZXp5xbPVFR9a55cm2nH6PyU,2fWyMU2S5ZJMwq9Ay2bwvnfRfiugkJbjWZ8WqKMtD8my,2025-08-06T10:45:45Z
Wot1JPXtYaofzJx6RZuurcr8RrtC5DrguJ5iaUJLm5b4NBLvnKuAbpQynkA1gkDvnrYU9M4WStyFJkSZdyZEDwF,HjiNTb9SJzVi9fc3ekr5PUMd3fCkFwEwAde52vDQD3hs,2025-08-06T10:45:45Z
4hnxa7MvcorYnnvdsmwG5fFfNTjhJCyrgDEUWxufcnebzNRgthaESs2opdKU4VVjAZXp5xbPVFR9a55cm2nH6PyU,2fWyMU2S5ZJMwq9Ay2bwvnfRfiugkJbjWZ8WqKMtD8my,2025-08-06T10:45:45Z
583V5HqUUDJotUp7wJqU9kNKgSSKwMrd2y4HMDzBXrknEPJBZfyBSDE9sRY6AuV13n7bfk76wNfcg8jFnneuxgpo,HjiNTb9SJzVi9fc3ekr5PUMd3fCkFwEwAde52vDQD3hs,2025-08-06T10:45:45Z
3vUdaTQyMUuqJfXPoVaNjuFqsCd3j4Ywi3Zyj8irvaJVaK5AT1fzMyLoAZkmgXcgjKAAqhJuQrHEaQz4n6cysoac,7rtiKSUDLBm59b1SBmD9oajcP8xE64vAGSMbAN5CXy1q,2025-08-06T10:45:45Z
3vUdaTQyMUuqJfXPoVaNjuFqsCd3j4Ywi3Zyj8irvaJVaK5AT1fzMyLoAZkmgXcgjKAAqhJuQrHEaQz4n6cysoac,7rtiKSUDLBm59b1SBmD9oajcP8xE64vAGSMbAN5CXy1q,2025-08-06T10:45:45Z
583V5HqUUDJotUp7wJqU9kNKgSSKwMrd2y4HMDzBXrknEPJBZfyBSDE9sRY6AuV13n7bfk76wNfcg8jFnneuxgpo,HjiNTb9SJzVi9fc3ekr5PUMd3fCkFwEwAde52vDQD3hs,2025-08-06T10:45:45Z
583V5HqUUDJotUp7wJqU9kNKgSSKwMrd2y4HMDzBXrknEPJBZfyBSDE9sRY6AuV13n7bfk76wNfcg8jFnneuxgpo,HjiNTb9SJzVi9fc3ekr5PUMd3fCkFwEwAde52vDQD3hs,2025-08-06T10:45:45Z
2caPgKi2RDXT7vcJy2cctXUmR8bVbveZUSNdfULe3KhkmNrfAojHjXFHQT26DB82BoeXVd8tGmd42KsNHHNtQ4jq,696969Y6orZEjp4gZtwcCZS7TNVuhMVE6G5mFvdJ4mYq,2025-08-06T10:45:45Z
Wot1JPXtYaofzJx6RZuurcr8RrtC5DrguJ5iaUJLm5b4NBLvnKuAbpQynkA1gkDvnrYU9M4WStyFJkSZdyZEDwF,HjiNTb9SJzVi9fc3ekr5PUMd3fCkFwEwAde52vDQD3hs,2025-08-06T10:45:45Z
2eLfmNzkiPaT1ireLN58pEdScm9MdmgFjCGH9mYebY2z6aVBm91a4ooGEWBBMdUVFX9eKcM6ymUGdibMJWu3YQ3c,9PHm2cYU8DhwBrbRsqqAjhW9uXVrNR1RaLsvo9oGVeaq,2025-08-06T10:45:46Z
2GeuR2dxD1kGhUAQgX7jGkUFAVbawHnbZadi5L7S79Fo6zECA54KMyWMUFNHGasck8fMPeBukpoRo87UA8UrR5Lv,66eMMe1Ga3FyJqmv1rmcPcHEgg8bYs74MvABtwVxtZJH,2025-08-06T10:45:47Z
5LjiXKdFbYuMgoBUmpUXRtkNfUuMQp8tg9JYcnecEytM7T8vH9TycW8n1tyMmzEaXXUssRfYYJzuHedEmjWtgBtp,7rtiKSUDLBm59b1SBmD9oajcP8xE64vAGSMbAN5CXy1q,2025-08-06T10:45:47Z
5LjiXKdFbYuMgoBUmpUXRtkNfUuMQp8tg9JYcnecEytM7T8vH9TycW8n1tyMmzEaXXUssRfYYJzuHedEmjWtgBtp,7rtiKSUDLBm59b1SBmD9oajcP8xE64vAGSMbAN5CXy1q,2025-08-06T10:45:47Z
671GGDYpWrXA7QMv8gENXEeF8HVPbc9iDs6g13L3egpDWBkXUGpKiFohZc6SaSZLxeQ3jbuw251vH1CPdZyq4LuS,7dGrdJRYtsNR8UYxZ3TnifXGjGc9eRYLq9sELwYpuuUu,2025-08-06T10:45:47Z
4Ys8xzEbjBFkJ6iz4F5YTZfpqibq2AZzrp2d4goBSmZaxmboQvPbGqkFgwRrW3E41DuCPwDEBfrhM81eC9JqSnWK,5LNAWJwskRkHLH7dFVdkaSeo6ms7x6PxGkAAzewN7Jhj,2025-08-06T10:45:47Z
4Ys8xzEbjBFkJ6iz4F5YTZfpqibq2AZzrp2d4goBSmZaxmboQvPbGqkFgwRrW3E41DuCPwDEBfrhM81eC9JqSnWK,5LNAWJwskRkHLH7dFVdkaSeo6ms7x6PxGkAAzewN7Jhj,2025-08-06T10:45:47Z
4pr1jj3PAdKRm99WiytFcwUY64hB4d5JsBBeUs2rsLm5zfRe5CnGf6ntjBQHsU9RxGxyxiQajHiC35HFFGR4UwUh,F2SuErm4MviWJ2HzKXk2nuzBC6xe883CFWUDCPz6cyWm,2025-08-06T10:45:47Z
4Ys8xzEbjBFkJ6iz4F5YTZfpqibq2AZzrp2d4goBSmZaxmboQvPbGqkFgwRrW3E41DuCPwDEBfrhM81eC9JqSnWK,5LNAWJwskRkHLH7dFVdkaSeo6ms7x6PxGkAAzewN7Jhj,2025-08-06T10:45:47Z
25PYV8YDz3wyw5eYjHWTd1ZE2fLCiCGFBmuG7zu2QmuNvJw9GQPdSkRNXZ4n3LwRZzrS9RTYGJnkrpHWXSMUpE2v,JD38n7ynKYcgPpF7k1BhXEeREu1KqptU93fVGy3S624k,2025-08-06T10:45:49Z
25PYV8YDz3wyw5eYjHWTd1ZE2fLCiCGFBmuG7zu2QmuNvJw9GQPdSkRNXZ4n3LwRZzrS9RTYGJnkrpHWXSMUpE2v,JD38n7ynKYcgPpF7k1BhXEeREu1KqptU93fVGy3S624k,2025-08-06T10:45:49Z
2mxBFt3roHYyApSfiMJTGH2wtrpit9uSroEYYZcGTqjZbBgj8hraQ4wKw9MVKeQTcYyJHN2yZuKCnbtzsjbuKm5,HF2Lw2tYs4B3y1iqz6iw2f4wTjrn14KppvAezcm7TAT3,2025-08-06T10:45:49Z
25PYV8YDz3wyw5eYjHWTd1ZE2fLCiCGFBmuG7zu2QmuNvJw9GQPdSkRNXZ4n3LwRZzrS9RTYGJnkrpHWXSMUpE2v,JD38n7ynKYcgPpF7k1BhXEeREu1KqptU93fVGy3S624k,2025-08-06T10:45:49Z
5RRh2ddaGe1GbKgB34CiPioprsuDxRPcXsjzj5GNocmecJo1i52CxrtSpKTjmhxe5y9BRJiu4KRnmZa7Sv5baC56,JD38n7ynKYcgPpF7k1BhXEeREu1KqptU93fVGy3S624k,2025-08-06T10:45:49Z
4dW11Ck82ecmWQZHZEPMDQHbRFAZgJBHadPegbpgCXHE12PHj6UU1GsdsE8jGF2ekL2Ly1T1N9Tz51ZXaESNTpy4,JD38n7ynKYcgPpF7k1BhXEeREu1KqptU93fVGy3S624k,2025-08-06T10:45:49Z
4dW11Ck82ecmWQZHZEPMDQHbRFAZgJBHadPegbpgCXHE12PHj6UU1GsdsE8jGF2ekL2Ly1T1N9Tz51ZXaESNTpy4,JD38n7ynKYcgPpF7k1BhXEeREu1KqptU93fVGy3S624k,2025-08-06T10:45:49Z
5RRh2ddaGe1GbKgB34CiPioprsuDxRPcXsjzj5GNocmecJo1i52CxrtSpKTjmhxe5y9BRJiu4KRnmZa7Sv5baC56,JD38n7ynKYcgPpF7k1BhXEeREu1KqptU93fVGy3S624k,2025-08-06T10:45:49Z
Wd3URZ3eZMkVrvzUPtLyho8Hia1WwNsRBysgEczeDXDi2ao17DtrQp8VnE5vgNiQY7rTACkfWkBxvweJ9oyXFW7,JD25qVdtd65FoiXNmR89JjmoJdYk9sjYQeSTZAALFiMy,2025-08-06T10:45:50Z
2aWnW4Rqm2xE9BbM6ckcTodnSCzcu8m8PHHDQcJioxR1vQgFuyEFNmcSCALabPCUN4vXd5JaHrQvd3zUkFLiFLtk,JD25qVdtd65FoiXNmR89JjmoJdYk9sjYQeSTZAALFiMy,2025-08-06T10:45:50Z
2aWnW4Rqm2xE9BbM6ckcTodnSCzcu8m8PHHDQcJioxR1vQgFuyEFNmcSCALabPCUN4vXd5JaHrQvd3zUkFLiFLtk,JD25qVdtd65FoiXNmR89JjmoJdYk9sjYQeSTZAALFiMy,2025-08-06T10:45:50Z
3Xa5YSYTQZcJRcXnmTRVN394sZZGdVtAYbhuDmRRuHw9PLZRL2v8PYpe3AmjDNVMpq37oZxDYzUbdvNq6Bc8Bk1Z,JD38n7ynKYcgPpF7k1BhXEeREu1KqptU93fVGy3S624k,2025-08-06T10:45:50Z
416UPhkXmbsegC6whZ1qXeXDzRxUpuH9LNpRwWAqWdv7x5ZyJZCy4yvLNX7Me12zkS6AANxp13BCuHePmM5kcqRx,JD25qVdtd65FoiXNmR89JjmoJdYk9sjYQeSTZAALFiMy,2025-08-06T10:45:50Z
416UPhkXmbsegC6whZ1qXeXDzRxUpuH9LNpRwWAqWdv7x5ZyJZCy4yvLNX7Me12zkS6AANxp13BCuHePmM5kcqRx,JD25qVdtd65FoiXNmR89JjmoJdYk9sjYQeSTZAALFiMy,2025-08-06T10:45:50Z
3Xa5YSYTQZcJRcXnmTRVN394sZZGdVtAYbhuDmRRuHw9PLZRL2v8PYpe3AmjDNVMpq37oZxDYzUbdvNq6Bc8Bk1Z,JD38n7ynKYcgPpF7k1BhXEeREu1KqptU93fVGy3S624k,2025-08-06T10:45:50Z
3Xa5YSYTQZcJRcXnmTRVN394sZZGdVtAYbhuDmRRuHw9PLZRL2v8PYpe3AmjDNVMpq37oZxDYzUbdvNq6Bc8Bk1Z,JD38n7ynKYcgPpF7k1BhXEeREu1KqptU93fVGy3S624k,2025-08-06T10:45:50Z
Wd3URZ3eZMkVrvzUPtLyho8Hia1WwNsRBysgEczeDXDi2ao17DtrQp8VnE5vgNiQY7rTACkfWkBxvweJ9oyXFW7,JD25qVdtd65FoiXNmR89JjmoJdYk9sjYQeSTZAALFiMy,2025-08-06T10:45:50Z
416UPhkXmbsegC6whZ1qXeXDzRxUpuH9LNpRwWAqWdv7x5ZyJZCy4yvLNX7Me12zkS6AANxp13BCuHePmM5kcqRx,JD25qVdtd65FoiXNmR89JjmoJdYk9sjYQeSTZAALFiMy,2025-08-06T10:45:50Z
3FYZLUbsNHyT4FVsfNFbGXuYtfDcb7FT8iBYTJtaCJdPspahD3ydGThwh8Lrk5w7tGaZETd3rz7mkZxvC2NRGaHD,F7RV6aBWfniixoFkQNWmRwznDj2vae2XbusFfvMMjtbE,2025-08-06T10:45:50Z
5k7X5CrzttsTbpAbGt1bN7ny2YqVb45suzPkCMqT4gTX8BVEENkWArgv3SgEQXXYGAi2GFVLqjEYeDaqi9Dh7Rha,JD25qVdtd65FoiXNmR89JjmoJdYk9sjYQeSTZAALFiMy,2025-08-06T10:45:50Z
3gM1FnK6CW7iXzbPdFBbUgjrJNHwmkgmoDJe6aPcgTsSd5W2YBK66scwR73BZxfL33MNmcfa5F8dJebBWAw1v4pt,JD38n7ynKYcgPpF7k1BhXEeREu1KqptU93fVGy3S624k,2025-08-06T10:45:50Z
3gM1FnK6CW7iXzbPdFBbUgjrJNHwmkgmoDJe6aPcgTsSd5W2YBK66scwR73BZxfL33MNmcfa5F8dJebBWAw1v4pt,JD38n7ynKYcgPpF7k1BhXEeREu1KqptU93fVGy3S624k,2025-08-06T10:45:50Z
5k7X5CrzttsTbpAbGt1bN7ny2YqVb45suzPkCMqT4gTX8BVEENkWArgv3SgEQXXYGAi2GFVLqjEYeDaqi9Dh7Rha,JD25qVdtd65FoiXNmR89JjmoJdYk9sjYQeSTZAALFiMy,2025-08-06T10:45:50Z
5PXxrUEnHBou5XePzA1ehnV3W6nXTQcg9MX61MSvbgiYF75rcxkkTbbq3wtFwaTZB78ujgkr1mX8ux4i5E82TL8B,JD25qVdtd65FoiXNmR89JjmoJdYk9sjYQeSTZAALFiMy,2025-08-06T10:45:50Z
5PXxrUEnHBou5XePzA1ehnV3W6nXTQcg9MX61MSvbgiYF75rcxkkTbbq3wtFwaTZB78ujgkr1mX8ux4i5E82TL8B,JD25qVdtd65FoiXNmR89JjmoJdYk9sjYQeSTZAALFiMy,2025-08-06T10:45:50Z
64QSCgibvpbcoLm4ZvZX8ijvSpGusTsPv6roRg6ZtEiFiN5wqgeGY9VU7aSUXeSxRCWpr4tovBe4x8nBzM3bNCdp,7dGrdJRYtsNR8UYxZ3TnifXGjGc9eRYLq9sELwYpuuUu,2025-08-06T10:45:50Z
64QSCgibvpbcoLm4ZvZX8ijvSpGusTsPv6roRg6ZtEiFiN5wqgeGY9VU7aSUXeSxRCWpr4tovBe4x8nBzM3bNCdp,7dGrdJRYtsNR8UYxZ3TnifXGjGc9eRYLq9sELwYpuuUu,2025-08-06T10:45:50Z
4EWmoXTcEJCSWrn28Rvn6Pwi7dkUyAsmV6qdYAKsyHqv4LT1TiwaMGWjiKzFphFb5SjYMmapHer7BvQL7AErRUcR,JD38n7ynKYcgPpF7k1BhXEeREu1KqptU93fVGy3S624k,2025-08-06T10:45:50Z
4EWmoXTcEJCSWrn28Rvn6Pwi7dkUyAsmV6qdYAKsyHqv4LT1TiwaMGWjiKzFphFb5SjYMmapHer7BvQL7AErRUcR,JD38n7ynKYcgPpF7k1BhXEeREu1KqptU93fVGy3S624k,2025-08-06T10:45:50Z
4EWmoXTcEJCSWrn28Rvn6Pwi7dkUyAsmV6qdYAKsyHqv4LT1TiwaMGWjiKzFphFb5SjYMmapHer7BvQL7AErRUcR,JD38n7ynKYcgPpF7k1BhXEeREu1KqptU93fVGy3S624k,2025-08-06T10:45:50Z
3aLQ4AwoSi1rRdhWFWsNBH7Vk6cXUTtkUAwVUHgYwBn1NmAHnrQH3uitTL2SazZV7Q9ChK8v13DPHzrzS9EfmU2Y,JD25qVdtd65FoiXNmR89JjmoJdYk9sjYQeSTZAALFiMy,2025-08-06T10:45:50Z
3aLQ4AwoSi1rRdhWFWsNBH7Vk6cXUTtkUAwVUHgYwBn1NmAHnrQH3uitTL2SazZV7Q9ChK8v13DPHzrzS9EfmU2Y,JD25qVdtd65FoiXNmR89JjmoJdYk9sjYQeSTZAALFiMy,2025-08-06T10:45:50Z
3aLQ4AwoSi1rRdhWFWsNBH7Vk6cXUTtkUAwVUHgYwBn1NmAHnrQH3uitTL2SazZV7Q9ChK8v13DPHzrzS9EfmU2Y,JD25qVdtd65FoiXNmR89JjmoJdYk9sjYQeSTZAALFiMy,2025-08-06T10:45:50Z
3aLQ4AwoSi1rRdhWFWsNBH7Vk6cXUTtkUAwVUHgYwBn1NmAHnrQH3uitTL2SazZV7Q9ChK8v13DPHzrzS9EfmU2Y,JD25qVdtd65FoiXNmR89JjmoJdYk9sjYQeSTZAALFiMy,2025-08-06T10:45:50Z
5PpWy7rXARBzGF2CqFLfgvN89UxQR3ft64djb7wbt1YXdLS3J5QcwJSRppbs44k1PHaEaYaG5rWwro5uUaPBEdpp,JD38n7ynKYcgPpF7k1BhXEeREu1KqptU93fVGy3S624k,2025-08-06T10:45:50Z
5PpWy7rXARBzGF2CqFLfgvN89UxQR3ft64djb7wbt1YXdLS3J5QcwJSRppbs44k1PHaEaYaG5rWwro5uUaPBEdpp,JD38n7ynKYcgPpF7k1BhXEeREu1KqptU93fVGy3S624k,2025-08-06T10:45:50Z
57PdLwJb8PN5vE6tR9SRdi3hCCZiQnbgiJByHZ7ZFyZrGzRBJDg7Dzk7X5znVNw2znAhowTWzNW6RW9pv5fawevR,JD25qVdtd65FoiXNmR89JjmoJdYk9sjYQeSTZAALFiMy,2025-08-06T10:45:50Z
57PdLwJb8PN5vE6tR9SRdi3hCCZiQnbgiJByHZ7ZFyZrGzRBJDg7Dzk7X5znVNw2znAhowTWzNW6RW9pv5fawevR,JD25qVdtd65FoiXNmR89JjmoJdYk9sjYQeSTZAALFiMy,2025-08-06T10:45:50Z
t5D3dD6FwbSiDp5QcSbSqqMsLcYtxpCU6nYwHBc1VRY6Dd14KWtw1LY91UTv6HD7wMhvuBZHgLnWSFiwXpqg7Py,JD38n7ynKYcgPpF7k1BhXEeREu1KqptU93fVGy3S624k,2025-08-06T10:45:50Z
t5D3dD6FwbSiDp5QcSbSqqMsLcYtxpCU6nYwHBc1VRY6Dd14KWtw1LY91UTv6HD7wMhvuBZHgLnWSFiwXpqg7Py,JD38n7ynKYcgPpF7k1BhXEeREu1KqptU93fVGy3S624k,2025-08-06T10:45:50Z
57PdLwJb8PN5vE6tR9SRdi3hCCZiQnbgiJByHZ7ZFyZrGzRBJDg7Dzk7X5znVNw2znAhowTWzNW6RW9pv5fawevR,JD25qVdtd65FoiXNmR89JjmoJdYk9sjYQeSTZAALFiMy,2025-08-06T10:45:50Z
5k7X5CrzttsTbpAbGt1bN7ny2YqVb45suzPkCMqT4gTX8BVEENkWArgv3SgEQXXYGAi2GFVLqjEYeDaqi9Dh7Rha,JD25qVdtd65FoiXNmR89JjmoJdYk9sjYQeSTZAALFiMy,2025-08-06T10:45:50Z
4mumiMeQNaTiUGjSCp22t7rxktDXmcXX7RHtGpLvMHEBMYNFgyu7u6LAHYP1QkpjoQMe2oz999BFF8jwAymrPqN6,JD25qVdtd65FoiXNmR89JjmoJdYk9sjYQeSTZAALFiMy,2025-08-06T10:45:51Z
4ZNMTMM9hqp9DYhc3h1WN9FCDNDbhmwavbGMwP4GnRahga1Byf2Yq11k9HRNedh3hmF4PtEr3mXoGoSKiA4DS5UF,ZG98FUCjb8mJ824Gbs6RsgVmr1FhXb2oNiJHa2dwmPd,2025-08-06T10:45:51Z
4mumiMeQNaTiUGjSCp22t7rxktDXmcXX7RHtGpLvMHEBMYNFgyu7u6LAHYP1QkpjoQMe2oz999BFF8jwAymrPqN6,JD25qVdtd65FoiXNmR89JjmoJdYk9sjYQeSTZAALFiMy,2025-08-06T10:45:51Z
4mumiMeQNaTiUGjSCp22t7rxktDXmcXX7RHtGpLvMHEBMYNFgyu7u6LAHYP1QkpjoQMe2oz999BFF8jwAymrPqN6,JD25qVdtd65FoiXNmR89JjmoJdYk9sjYQeSTZAALFiMy,2025-08-06T10:45:51Z
LyHW4r8wnCwx3oNP7zxhnn4ncN21w5wEgzA4RMVDBxqDJtX5TCJBYrbai4H2gjWAXaj9BfFzjmfzvLgogox1k5h,ZG98FUCjb8mJ824Gbs6RsgVmr1FhXb2oNiJHa2dwmPd,2025-08-06T10:45:52Z
2K9SDLx2suDG6SKyn4s71MucHjXFt5pkxx7jwPP9s3ijAJuw6P3KyTJMSRKYmwX9QycwV93qKBaGL88LjU5E3AFs,JD25qVdtd65FoiXNmR89JjmoJdYk9sjYQeSTZAALFiMy,2025-08-06T10:45:52Z
2K9SDLx2suDG6SKyn4s71MucHjXFt5pkxx7jwPP9s3ijAJuw6P3KyTJMSRKYmwX9QycwV93qKBaGL88LjU5E3AFs,JD25qVdtd65FoiXNmR89JjmoJdYk9sjYQeSTZAALFiMy,2025-08-06T10:45:52Z
2K9SDLx2suDG6SKyn4s71MucHjXFt5pkxx7jwPP9s3ijAJuw6P3KyTJMSRKYmwX9QycwV93qKBaGL88LjU5E3AFs,JD25qVdtd65FoiXNmR89JjmoJdYk9sjYQeSTZAALFiMy,2025-08-06T10:45:52Z
5jJYYdxVuA3MUQThJpiLU3orM5Mdr56n49PT4e8CNwwkyupjX3Tqgfp56QtwewuyMpE3SVhXbCAaVrdAC5T47FUC,HjiNTb9SJzVi9fc3ekr5PUMd3fCkFwEwAde52vDQD3hs,2025-08-06T10:45:52Z
5jJYYdxVuA3MUQThJpiLU3orM5Mdr56n49PT4e8CNwwkyupjX3Tqgfp56QtwewuyMpE3SVhXbCAaVrdAC5T47FUC,HjiNTb9SJzVi9fc3ekr5PUMd3fCkFwEwAde52vDQD3hs,2025-08-06T10:45:52Z
5jJYYdxVuA3MUQThJpiLU3orM5Mdr56n49PT4e8CNwwkyupjX3Tqgfp56QtwewuyMpE3SVhXbCAaVrdAC5T47FUC,HjiNTb9SJzVi9fc3ekr5PUMd3fCkFwEwAde52vDQD3hs,2025-08-06T10:45:52Z
VoxyoXtViQc7a28dwb6Pox9wxYekkQ6cBwmbC1Rv4RqBW2e9wgG5xYe9G7bqwa7aPUp5VNPeBMToBvkGcTexGxK,DZvrwLF8wEA7X7iAAF8uus17kgMgHsBJiqohg2YbNx5K,2025-08-06T10:45:53Z
VoxyoXtViQc7a28dwb6Pox9wxYekkQ6cBwmbC1Rv4RqBW2e9wgG5xYe9G7bqwa7aPUp5VNPeBMToBvkGcTexGxK,DZvrwLF8wEA7X7iAAF8uus17kgMgHsBJiqohg2YbNx5K,2025-08-06T10:45:53Z
2qaBmbbfbCDL1nN71xiraQPy5deSjmAtHAsU2VsT8k8Cmf8WgyxGZza18tR16YkXXCsmcM7Vf6z6NCC6NhuPz7ug,9bZ9PyDDmSXMk3wc9cAf3TKJ5svvyC5Kde4soXbNknPB,2025-08-06T10:45:55Z
5wQyPomEhxu3nYDMZMEmS69aKL8fA4uMuxgAVvKxSYWbMa3M1Xs851Uva2QfeaB9U2QR28e3iVfHqJ73pNcS8rJ4,DGBdUFWeCssZq4FJbNfjH7qiT5secz2KWfLKLT6Bf7rv,2025-08-06T10:45:56Z
3EVZq2S3NaS97U5X3JdnZBHHJoYxvcnyqJDRdiov9qu2x5sf6C3VzUgbVEebKbsHnZFAcUDcmSgQZgvYXNH3Z5h6,ZG98FUCjb8mJ824Gbs6RsgVmr1FhXb2oNiJHa2dwmPd,2025-08-06T10:45:58Z
